signal_date,strategy_id,stock_id,name,entry_close,entry_open,t5_date,t5_close,t5_ret,t10_date,t10_close,t10_ret,t20_date,t20_close,t20_ret,hit_target,hit_stop,status
2026-08-12,,2330,台積電,2415.0,2440.0,2026-08-20,2375.0,-2.66,2026-08-27,2410.0,-1.23,2026-09-10,2450.0,0.41,0,0,完成
2026-08-12,default,2330,台積電,2415.0,2440.0,2026-08-20,2375.0,-2.66,2026-08-27,2410.0,-1.23,,0.0,0.0,0,0,追蹤中
2026-08-13,,2330,台積電,2435.0,2435.0,2026-08-21,2410.0,-1.03,2026-08-28,2420.0,-0.62,2026-09-11,2410.0,-1.03,0,0,完成
2026-08-13,default,2330,台積電,2435.0,2435.0,2026-08-21,2410.0,-1.03,2026-08-28,2420.0,-0.62,,0.0,0.0,0,0,追蹤中
2026-08-17,,2330,台積電,2400.0,2415.0,2026-08-25,2400.0,-0.62,2026-09-01,2440.0,1.04,2026-09-15,2385.0,-1.24,0,0,完成
2026-08-17,default,2330,台積電,2400.0,2415.0,2026-08-25,2400.0,-0.62,2026-09-01,2440.0,1.04,,0.0,0.0,0,0,追蹤中
2026-08-25,,2330,台積電,2400.0,2375.0,2026-09-02,2385.0,0.42,2026-09-09,2465.0,3.79,2026-09-23,2500.0,5.26,0,0,完成
2026-08-25,default,2330,台積電,2400.0,2375.0,2026-09-02,2385.0,0.42,,0.0,0.0,,0.0,0.0,0,0,追蹤中
2026-08-26,,2330,台積電,2415.0,2430.0,2026-09-03,2390.0,-1.65,2026-09-10,2450.0,0.82,2026-09-24,2475.0,1.85,0,0,完成
2026-08-26,default,2330,台積電,2415.0,2430.0,2026-09-03,2390.0,-1.65,,0.0,0.0,,0.0,0.0,0,0,追蹤中
2026-08-27,,2330,台積電,2410.0,2440.0,2026-09-04,2410.0,-1.23,2026-09-11,2410.0,-1.23,2026-09-29,2475.0,1.43,0,0,完成
2026-08-27,default,2330,台積電,2410.0,2440.0,2026-09-04,2410.0,-1.23,,0.0,0.0,,0.0,0.0,0,0,追蹤中
2026-08-28,,2330,台積電,2410.0,2395.0,2026-09-07,2460.0,2.71,2026-09-14,2380.0,-0.63,2026-09-30,2480.0,3.55,0,0,完成
2026-08-28,default,2330,台積電,2410.0,2395.0,,0.0,0.0,,0.0,0.0,,0.0,0.0,0,0,追蹤中
2026-08-31,,2330,台積電,2405.0,2395.0,2026-09-08,2470.0,3.13,2026-09-15,2385.0,-0.42,2026-10-01,2510.0,4.8,0,0,完成
2026-08-31,default,2330,台積電,2405.0,2395.0,,0.0,0.0,,0.0,0.0,,0.0,0.0,0,0,追蹤中
2026-09-01,,2330,台積電,2440.0,2415.0,2026-09-09,2465.0,2.07,2026-09-16,2380.0,-1.45,2026-10-02,2500.0,3.52,0,0,完成
2026-09-01,default,2330,台積電,2440.0,2415.0,,0.0,0.0,,0.0,0.0,,0.0,0.0,0,0,追蹤中
2026-09-02,,2330,台積電,2440.0,2385.0,2026-09-10,2450.0,2.73,2026-09-17,2425.0,1.68,2026-10-05,2575.0,7.97,0,0,完成
2026-09-02,default,2330,台積電,2440.0,2385.0,,0.0,0.0,,0.0,0.0,,0.0,0.0,0,0,追蹤中
2026-09-04,chan_longterm,2330,台積電,2410.0,2435.0,2026-09-14,2380.0,-2.26,2026-09-21,2480.0,1.85,2026-10-07,2585.0,6.16,0,0,完成
2026-09-04,chan_shortterm,2317,鴻海,256.0,258.5,2026-09-14,248.5,-3.87,2026-09-21,250.0,-3.29,2026-10-07,252.0,-2.51,0,0,完成
2026-09-04,default,2330,台積電,2410.0,2435.0,2026-09-14,2380.0,-2.26,2026-09-21,2480.0,1.85,2026-10-07,2585.0,6.16,0,0,完成
2026-09-07,chan_longterm,2330,台積電,2460.0,2465.0,2026-09-15,2385.0,-3.25,2026-09-22,2460.0,-0.2,,0.0,0.0,0,0,追蹤中
2026-09-07,chan_shortterm,2317,鴻海,256.0,256.0,2026-09-15,246.5,-3.71,2026-09-22,253.0,-1.17,,0.0,0.0,0,0,追蹤中
2026-09-07,chan_shortterm,2330,台積電,2460.0,2465.0,2026-09-15,2385.0,-3.25,2026-09-22,2460.0,-0.2,,0.0,0.0,0,0,追蹤中
2026-09-07,default,2330,台積電,2460.0,2465.0,2026-09-15,2385.0,-3.25,2026-09-22,2460.0,-0.2,,0.0,0.0,0,0,追蹤中
2026-09-08,chan_longterm,2330,台積電,2460.0,2480.0,2026-09-16,2380.0,-4.03,2026-09-23,2500.0,0.81,,0.0,0.0,0,0,追蹤中
2026-09-08,chan_shortterm,2317,鴻海,256.0,250.5,2026-09-16,248.0,-1.0,2026-09-23,256.0,2.2,,0.0,0.0,0,0,追蹤中
2026-09-08,chan_shortterm,2330,台積電,2460.0,2480.0,2026-09-16,2380.0,-4.03,2026-09-23,2500.0,0.81,,0.0,0.0,0,0,追蹤中
2026-09-08,default,2330,台積電,2460.0,2480.0,2026-09-16,2380.0,-4.03,2026-09-23,2500.0,0.81,,0.0,0.0,0,0,追蹤中
2026-09-09,chan_longterm,2330,台積電,2465.0,2445.0,2026-09-17,2425.0,-0.82,2026-09-24,2475.0,1.23,,0.0,0.0,0,0,追蹤中
2026-09-09,chan_shortterm,2330,台積電,2465.0,2445.0,2026-09-17,2425.0,-0.82,2026-09-24,2475.0,1.23,,0.0,0.0,0,0,追蹤中
2026-09-09,default,2330,台積電,2465.0,2445.0,2026-09-17,2425.0,-0.82,2026-09-24,2475.0,1.23,,0.0,0.0,0,0,追蹤中
2026-09-10,chan_shortterm,2330,台積電,2450.0,2430.0,2026-09-18,2460.0,1.23,2026-09-29,2475.0,1.85,,0.0,0.0,0,0,追蹤中
2026-09-10,default,2330,台積電,2450.0,2430.0,2026-09-18,2460.0,1.23,2026-09-29,2475.0,1.85,,0.0,0.0,0,0,追蹤中
2026-09-17,default,2330,台積電,2425.0,2460.0,2026-09-29,2475.0,0.61,2026-10-06,2585.0,5.08,,0.0,0.0,0,0,追蹤中
2026-09-18,chan_shortterm,2330,台積電,2460.0,2445.0,2026-09-30,2480.0,1.43,2026-10-07,2585.0,5.73,,0.0,0.0,0,0,追蹤中
2026-09-18,default,2330,台積電,2460.0,2445.0,2026-09-30,2480.0,1.43,2026-10-07,2585.0,5.73,,0.0,0.0,0,0,追蹤中
2026-09-21,chan_longterm,2330,台積電,2480.0,2505.0,2026-10-01,2510.0,0.2,,0.0,0.0,,0.0,0.0,0,0,追蹤中
2026-09-21,chan_shortterm,2330,台積電,2480.0,2505.0,2026-10-01,2510.0,0.2,,0.0,0.0,,0.0,0.0,0,0,追蹤中
2026-09-21,chan_shortterm,2885,元大金,70.4,71.1,2026-10-01,67.4,-5.2,,0.0,0.0,,0.0,0.0,0,0,追蹤中
2026-09-21,default,2330,台積電,2480.0,2505.0,2026-10-01,2510.0,0.2,,0.0,0.0,,0.0,0.0,0,0,追蹤中
2026-09-22,chan_longterm,2330,台積電,2460.0,2475.0,2026-10-02,2500.0,1.01,,0.0,0.0,,0.0,0.0,0,0,追蹤中
2026-09-22,chan_shortterm,2317,鴻海,253.0,255.0,2026-10-02,251.0,-1.57,,0.0,0.0,,0.0,0.0,0,0,追蹤中
2026-09-22,chan_shortterm,2330,台積電,2460.0,2475.0,2026-10-02,2500.0,1.01,,0.0,0.0,,0.0,0.0,0,0,追蹤中
2026-09-22,chan_shortterm,2885,元大金,70.6,71.3,2026-10-02,66.8,-6.31,,0.0,0.0,,0.0,0.0,0,0,追蹤中
2026-09-22,chan_shortterm,6278,台表科,213.5,212.5,2026-10-02,217.0,2.12,,0.0,0.0,,0.0,0.0,0,0,追蹤中
2026-09-22,default,2330,台積電,2460.0,2475.0,2026-10-02,2500.0,1.01,,0.0,0.0,,0.0,0.0,0,0,追蹤中
2026-09-23,chan_longterm,2330,台積電,2500.0,2480.0,2026-10-05,2575.0,3.83,,0.0,0.0,,0.0,0.0,0,0,追蹤中
2026-09-23,chan_shortterm,2317,鴻海,256.0,253.0,2026-10-05,254.0,0.4,,0.0,0.0,,0.0,0.0,0,0,追蹤中
2026-09-23,chan_shortterm,2330,台積電,2500.0,2480.0,2026-10-05,2575.0,3.83,,0.0,0.0,,0.0,0.0,0,0,追蹤中
2026-09-23,default,2330,台積電,2500.0,2480.0,2026-10-05,2575.0,3.83,,0.0,0.0,,0.0,0.0,0,0,追蹤中
2026-09-24,chan_longterm,2330,台積電,2475.0,2475.0,2026-10-06,2585.0,4.44,,0.0,0.0,,0.0,0.0,0,0,追蹤中
2026-09-24,chan_shortterm,2330,台積電,2475.0,2475.0,2026-10-06,2585.0,4.44,,0.0,0.0,,0.0,0.0,0,0,追蹤中
2026-09-24,chan_shortterm,6278,台表科,212.0,209.0,2026-10-06,234.0,11.96,,0.0,0.0,,0.0,0.0,0,0,追蹤中
2026-09-24,default,2330,台積電,2475.0,2475.0,2026-10-06,2585.0,4.44,,0.0,0.0,,0.0,0.0,0,0,追蹤中
2026-09-25,chan_longterm,2330,台積電,2475.0,0.0,,0.0,0.0,,0.0,0.0,,0.0,0.0,0,0,追蹤中
2026-09-25,chan_shortterm,2330,台積電,2475.0,0.0,,0.0,0.0,,0.0,0.0,,0.0,0.0,0,0,追蹤中
2026-09-25,chan_shortterm,6278,台表科,212.0,0.0,,0.0,0.0,,0.0,0.0,,0.0,0.0,0,0,追蹤中
2026-09-25,default,2330,台積電,2475.0,0.0,,0.0,0.0,,0.0,0.0,,0.0,0.0,0,0,追蹤中
2026-09-28,chan_longterm,2330,台積電,2475.0,0.0,,0.0,0.0,,0.0,0.0,,0.0,0.0,0,0,追蹤中
2026-09-28,chan_shortterm,2330,台積電,2475.0,0.0,,0.0,0.0,,0.0,0.0,,0.0,0.0,0,0,追蹤中
2026-09-28,chan_shortterm,6278,台表科,212.0,0.0,,0.0,0.0,,0.0,0.0,,0.0,0.0,0,0,追蹤中
2026-09-28,default,2330,台積電,2475.0,0.0,,0.0,0.0,,0.0,0.0,,0.0,0.0,0,0,追蹤中
2026-09-29,chan_longterm,2330,台積電,2475.0,2495.0,2026-10-07,2585.0,3.61,,0.0,0.0,,0.0,0.0,0,0,追蹤中
2026-09-29,chan_shortterm,2330,台積電,2475.0,2495.0,2026-10-07,2585.0,3.61,,0.0,0.0,,0.0,0.0,0,0,追蹤中
2026-09-29,default,2330,台積電,2475.0,2495.0,2026-10-07,2585.0,3.61,,0.0,0.0,,0.0,0.0,0,0,追蹤中
2026-09-30,chan_longterm,2330,台積電,2480.0,2490.0,,0.0,0.0,,0.0,0.0,,0.0,0.0,0,0,追蹤中
2026-09-30,chan_shortterm,2330,台積電,2480.0,2490.0,,0.0,0.0,,0.0,0.0,,0.0,0.0,0,0,追蹤中
2026-09-30,default,2330,台積電,2480.0,2490.0,,0.0,0.0,,0.0,0.0,,0.0,0.0,0,0,追蹤中
2026-10-01,chan_shortterm,2317,#N/A,254.0,253.0,,0.0,0.0,,0.0,0.0,,0.0,0.0,0,0,追蹤中
2026-10-01,chan_shortterm,2330,台積電,2510.0,2505.0,,0.0,0.0,,0.0,0.0,,0.0,0.0,0,0,追蹤中
2026-10-01,default,2330,台積電,2510.0,2505.0,,0.0,0.0,,0.0,0.0,,0.0,0.0,0,0,追蹤中
2026-10-02,chan_shortterm,2330,台積電,2500.0,2550.0,,0.0,0.0,,0.0,0.0,,0.0,0.0,0,0,追蹤中
2026-10-02,default,2330,台積電,2500.0,2550.0,,0.0,0.0,,0.0,0.0,,0.0,0.0,0,0,追蹤中
2026-10-05,chan_shortterm,2317,鴻海,254.0,263.0,,0.0,0.0,,0.0,0.0,,0.0,0.0,0,0,追蹤中
2026-10-05,chan_shortterm,2330,台積電,2575.0,2575.0,,0.0,0.0,,0.0,0.0,,0.0,0.0,0,0,追蹤中
2026-10-05,default,2330,台積電,2575.0,2575.0,,0.0,0.0,,0.0,0.0,,0.0,0.0,0,0,追蹤中
2026-10-06,chan_shortterm,2330,台積電,2585.0,2565.0,,0.0,0.0,,0.0,0.0,,0.0,0.0,0,0,追蹤中
2026-10-06,default,2330,台積電,2585.0,2565.0,,0.0,0.0,,0.0,0.0,,0.0,0.0,0,0,追蹤中
2026-10-07,chan_shortterm,2330,台積電,2585.0,0.0,,0.0,0.0,,0.0,0.0,,0.0,0.0,0,0,追蹤中
2026-10-07,chan_shortterm,6278,台表科,250.5,0.0,,0.0,0.0,,0.0,0.0,,0.0,0.0,0,0,追蹤中
2026-10-07,default,2330,台積電,2585.0,0.0,,0.0,0.0,,0.0,0.0,,0.0,0.0,0,0,追蹤中
